,id,nickname,content,time
0,45da3fb5-ed66-410a-8eb9-45222c30c2c2,folklorenba,今天保守啊,2021-09-06_22:26:14
1,9b95b74f-02f8-4730-8b4d-b96f1186b2d5,用户40001228,为主播点了个赞,2021-09-06_22:26:16
2,9bcee91c-c587-443d-afa6-f48a667e636f,小柒姝,檬姐晚上好呀,2021-09-06_22:26:19
3,e38d9131-1823-407c-b8c4-67450961f21c,乌及哥,燥起来,2021-09-06_22:26:22
4,c36d6c64-32f5-46db-a42f-191e26683141,我吃鸭腿,1,2021-09-06_22:26:25
5,5bac8456-418f-4e30-8eef-529098a2d927,a孙少,好成熟啊  这衣服,2021-09-06_22:26:32
6,e31b2f9c-baea-41de-be76-2bd4bbc44a5a,说说减肥而已,今天摆烂粉能狂欢吗,2021-09-06_22:26:37
7,4216ef31-cdc7-4a94-95d8-4956a6ae7845,解小亮的狗粉丝,滴滴,2021-09-06_22:26:39
8,f0adbad4-dd49-426d-bcf9-eb1430711186,情浅缘难忘,在干嘛,2021-09-06_22:26:54
9,07752507-f77a-4ebd-88a9-62823c8c324c,尹亮先生,1,2021-09-06_22:26:55
10,56d1091b-4a3f-4379-905b-c35498cb6595,魔教刘阿斗,必须狂欢,2021-09-06_22:26:58
11,f64db1b5-10d9-4598-bc6f-adcbc3f2ecdf,超级短腿静,老王在哪里,2021-09-06_22:27:00
12,479fdb8f-ea4b-4212-9158-c9f8f7bcd7e0,z猹猹猹,今天是迪士尼在逃公主的感觉,2021-09-06_22:27:04
13,78655435-abf6-4bd3-a0c8-2d2fba538101,我是你大根弟弟呀,还以为今天不播了。你在不播舞蹈区米娜， 秀秀都没了真不知道看谁了,2021-09-06_22:27:05
14,cc4452ba-f7c9-4269-af5f-1d321092c407,超级短腿静,老王尼,2021-09-06_22:27:13
15,8f77c063-5101-4b0a-95e1-037b701a83e2,情浅缘难忘,溪流,2021-09-06_22:27:16
16,592ff01b-80f1-4cd2-b62a-414ad883eb3c,求老仙奶雨檬每天饿着,牌面粉今天没牌面了,2021-09-06_22:27:16
17,50d0c59f-050a-431d-a212-0c62d852a853,小情绪092202,不是10点吗？,2021-09-06_22:27:21
18,5dc38c4d-a717-4efd-ba90-f9662212cb69,情浅缘难忘,吸溜,2021-09-06_22:27:22
19,b1568cb3-a1bb-482a-84da-b6845d89400e,用户61996460,张浩华,2021-09-06_22:27:26
20,f383a02c-c95e-45e2-8b31-1db9d9dbe6e6,拉麵小籠包,王指导 晚上好,2021-09-06_22:27:26
21,3163ff26-6ccc-4d74-a86e-05bcc086cd6e,鸟中霸王龙,今天这衣服感觉很容易掉啊,2021-09-06_22:27:29
22,ebd260cc-2d65-4f4b-94f4-b1d5a96bf1f2,皮皮顿会跳舞,几点跳舞,2021-09-06_22:27:30
23,5a6c0fec-c51d-4076-8c85-46fd18f387db,解小亮的狗粉丝,今天牌面粉凉了嘛？,2021-09-06_22:27:32
24,2ea620f2-8a7f-4540-b1ac-ba585bf3bdb2,王雨檬的Selena,欢迎 醉梦之戏,2021-09-06_22:27:40
25,f82114bc-1e4f-496d-a9f9-827842fd2648,进步青年大导演,呀，檬子今天真美,2021-09-06_22:27:46
26,fd3b44d0-c0f4-46d7-a159-ee4321a20123,孤独时代的醉梦之戏,这个是晚礼服？,2021-09-06_22:27:46
27,253c49b3-50b2-4838-83ef-173bd45cef61,情浅缘难忘,老师好,2021-09-06_22:27:53
28,4aa85676-e706-4870-bfe0-d8a56258be11,吉他与班卓琴,檬檬站起来,2021-09-06_22:27:53
29,060db611-f208-410b-a15a-bab5aaaa944a,z猹猹猹,好看好看好看,2021-09-06_22:27:55
30,5f5b367f-db75-45ed-8e71-6e382115961c,谁v吻我之眸,为主播点了个赞,2021-09-06_22:27:57
31,16fc24c7-815e-4e5e-b428-be796eab313f,王雨檬的Selena,欢迎 风哥,2021-09-06_22:27:58
32,e119dfd8-8698-40c1-a90c-f5a59131c1b1,5233丶阿泽,2,2021-09-06_22:28:00
33,0abf0396-8a02-4b08-80f4-00ad55422427,解小亮的狗粉丝,牌面粉没牌面了,2021-09-06_22:28:13
34,ed8719d8-ef26-4e2a-8d6b-7f51d4e2dc4e,求老仙奶雨檬每天饿着,连衣裙粉狂喜,2021-09-06_22:28:17
35,e9f27299-2630-46f3-b687-eff6a842a12a,McKinley666,为主播点了个赞,2021-09-06_22:28:28
36,681fbe53-426a-4139-9142-dcf9605613bf,迈克尔杰克小岩,你这个逼赖赖的眼神是怎么练的,2021-09-06_22:28:29
37,2687dcce-fda7-4879-887a-22633496affb,高渐璃,刚刚冲晕过去了，再来,2021-09-06_22:28:29
38,bd3d44d2-f6f1-49e1-aa46-28fc6d5255e5,王克营哟,为主播点了个赞,2021-09-06_22:28:31
39,256d3b26-b90a-435b-bba3-2b51126968fd,s888551,那就不跳好看就行,2021-09-06_22:28:31
40,6d2ba2fe-581b-4ebe-9bb3-5c815aa6c32b,王雨檬的小当风,这么好看？,2021-09-06_22:28:34
41,bd4f0d62-a86d-48a1-aa2b-f495221180af,王雨檬的Selena,感谢 小仙女雨檬的小qiu呀 的30个烟花券,2021-09-06_22:28:36
42,6d6a7535-69ae-4b57-9272-1f19d0b85471,Lonely85768,正经人谁看跳舞啊,2021-09-06_22:28:36
43,5ff2c9cd-1b6c-4910-b977-57d9591e5a6b,可乐073317,迟到早退王雨檬来了,2021-09-06_22:28:37
44,1f9351c5-30da-4b10-808c-7a51949606be,说说减肥而已,欢迎排面粉加入摆烂粉的大家庭,2021-09-06_22:28:37
45,8a4064f3-f053-42ec-a0a8-09018224566f,联盟大D,优雅永不过时,2021-09-06_22:28:43
46,bdcdbbf6-71e5-44bd-a388-08c2626a49eb,๑๑171324,为主播点了个赞,2021-09-06_22:28:46
47,49c194be-68d3-4941-9606-f5f2d5f950fc,王克营哟,为主播点了个赞,2021-09-06_22:28:47
48,d2a694c1-5232-4f84-8338-65f740764309,凤兮灬凰兮,我是双马尾粉,2021-09-06_22:28:50
49,5d967bae-3f4f-4e60-a3f1-dbf47360b7d2,王雨檬的Selena,感谢 小仙女雨檬的小qiu呀 的 2组 30烟花券,2021-09-06_22:28:50
50,9f07b489-85d1-4864-9391-131143fd49ce,孤独时代的醉梦之戏,今晚太好看了,2021-09-06_22:28:52
51,f05bd69b-18a2-4f5c-9dc3-ad9a139cb50b,派带星星星,啵啵,2021-09-06_22:28:53
52,da59931a-fd2d-43f5-a9e2-9cc78bf72955,玉酱的少女哥,我正经人,2021-09-06_22:28:53
53,c8b2f2f8-70eb-42c8-bca4-bdb2ebfe5891,JACKSON554802,为主播点了个赞,2021-09-06_22:28:55
54,0bbd7b66-b04d-4e8c-879b-b478ca165e7c,鸟中霸王龙,粉丝分类太细了,2021-09-06_22:28:55
55,37bec085-90d3-44a9-b732-12cf3382cb44,玉酱的少女哥,就喜欢看跳舞,2021-09-06_22:28:57
56,90d93eb4-9b76-422d-a336-b167b92b4bf8,可乐073317,排面粉永不摆烂,2021-09-06_22:28:59
57,da0506c1-332c-4566-8706-73eaf6ba5db7,老马猴哥哥,太顶了,2021-09-06_22:29:00
58,bf6a3ea6-6786-4c10-a66e-d3b4e6df41cc,求老仙奶雨檬每天饿着,有没有如花虚影粉,2021-09-06_22:29:04
59,d922b479-5bc7-4dc7-b1b8-cbf53a15fa97,篱菊逢秋,今晚摆烂吗,2021-09-06_22:29:06
60,e186993f-a8c0-410d-a0de-7a49830ecfb6,用户15793399,不行,2021-09-06_22:29:07
61,070d5de4-39c6-4475-9b3e-b6b5afb1e6f9,王雨檬的傑尼斯,当场卷,2021-09-06_22:29:09
62,599b1c35-6dca-49fa-af98-bbadbb6cd955,德玛西亚日天,不行,2021-09-06_22:29:11
63,eac55ebf-995d-4de1-9970-96649969fe4b,小宝贝u酱,今天的衣服好看哎,2021-09-06_22:29:11
64,d3b3d5e4-e21f-49ff-88e0-d9d86470db98,s888551,单纯看颜值,2021-09-06_22:29:12
65,04eb99cb-96bc-4957-8666-1ed6c84ded73,德玛西亚日天,不好看,2021-09-06_22:29:16
66,c8559297-a3a1-40e5-a482-a74882198023,老马猴哥哥,梦梦，我过来了,2021-09-06_22:29:17
67,b822c41e-9181-43ca-a1fb-d22842ce0551,潘世纪313,为主播点了个赞,2021-09-06_22:29:20
68,0d91a49d-cb29-42cc-8c80-92b23fda1cc9,我是37,王指导晚上好！,2021-09-06_22:29:21
69,7c747af8-211c-4f24-a32b-4048c086e541,可乐073317,排面粉要么高潮要么去世，永不摆烂,2021-09-06_22:29:22
70,cdb3678f-4722-453f-90a1-d3a187baf507,用户15793399,不行,2021-09-06_22:29:26
71,e353a2f8-14af-4d56-aecc-25f6f53a9993,云天儿112,唉,2021-09-06_22:29:28
72,3972e753-24d5-48ea-b897-bab5498624ed,芈畫芷殤,雨萌主人晚上好,2021-09-06_22:29:31
73,aec028a3-6462-4c21-ac2b-63dce8f31666,九尾狐娘,檬檬晚上好,2021-09-06_22:29:32
74,64affb4e-d62c-4fe3-bc9e-417df2647d30,花笺一壶酒,为主播点了个赞,2021-09-06_22:29:36
75,0ab69995-4446-4540-86b4-7f3249c0880b,多喝热水丶最近有点冷,来晚了吗,2021-09-06_22:29:44
76,476aa2aa-963f-47ab-9d04-46d36473369a,王雨檬的Selena,感谢 梦梦好运无敌 的赞,2021-09-06_22:29:46
77,ef678761-f3d3-4fc2-8889-d8b1b433e741,淏叔的Honey,人呢,2021-09-06_22:29:48
78,69971f15-6fbb-4af7-b263-00fd304bde80,666过户费h,哈哈,2021-09-06_22:29:48
79,f61c66ae-8e2d-48eb-ae84-765bc7471ce6,王雨檬的Selena,欢迎 草莓啵啵布丁,2021-09-06_22:29:48
80,84c7bc38-ed9f-4633-92d1-2febf57b1faa,糊逼咧,道理我懂，为什么开分身斧,2021-09-06_22:29:51
81,05073453-174c-4513-8d2a-57c737adacd1,周姐小心杆,结束了吗,2021-09-06_22:29:51
82,93d9db30-a3f0-4d9d-8e4c-4b6553105868,王雨檬的Selena,感谢 草莓啵啵布丁 的音符,2021-09-06_22:29:53
83,edddd85a-3f6e-4443-84ba-42793008d03b,是猫里奥啦,为主播点了个赞,2021-09-06_22:29:58
84,04182831-f048-454b-ab74-441c5ed03aaa,解小亮的狗粉丝,跳完了，散了吧,2021-09-06_22:30:10
85,6f63c4a2-9989-47bb-b602-3a53b84cfd6f,禅与电机维修艺术,为主播点了个赞,2021-09-06_22:30:14
86,9f5a97f7-d65e-431c-8e43-73c8768f64ca,潇潇微雨,,2021-09-06_22:30:26
87,f90f5af6-dda7-4a38-9066-28118a02cc51,王雨檬的小当风,卷棒是啥,2021-09-06_22:30:26
88,98e75258-3712-42bc-9cec-0ba7d74415f9,淏叔的Honey,哇哦,2021-09-06_22:30:26
89,ff4dda72-4ad1-4821-bcef-7150abb09ae7,用户64795356,为主播点了个赞,2021-09-06_22:30:30
90,6527109b-cf04-4935-bade-30869097f9c2,王雨檬的小当风,烫头发的？,2021-09-06_22:30:37
91,a1e00de2-2c97-4dce-8a74-874cc3f82dd5,用户186709735,为主播点了个赞,2021-09-06_22:30:42
92,c72047d3-c343-4e38-b715-396422b65c5c,求老仙奶雨檬每天饿着,懂的都懂,2021-09-06_22:30:44
93,1257e911-491a-4dbe-8e7d-dd9be7f324bc,Sunflower175043,啥时候跳舞,2021-09-06_22:30:46
94,9da233cf-3aac-4e62-a0b9-5eb734d4b8c5,周姐小心杆,今天像甜筒🍦,2021-09-06_22:30:47
95,72fe46d1-cb22-4191-9628-2e62b5b36b5f,Monstar91201,❤❤❤❤❤❤❤❤,2021-09-06_22:30:50
96,f5648771-6d74-4610-98f8-cd209b72e7e6,小水熙的老公,好美,2021-09-06_22:30:50
97,c60656da-0ef3-4b35-8e4d-b65eeeb263a7,王雨檬的Selena,感谢 比翼茑 的666,2021-09-06_22:30:52
98,a0b95125-6f83-44f9-940c-28d51002bfac,用户00609302,看硬了怎么办,2021-09-06_22:30:53
99,22fe97f5-6961-4eb3-95ea-256426c4062b,九尾狐娘,檬檬晚上好 今天也好漂亮！,2021-09-06_22:30:54
100,1dd8f873-7a61-47fe-b645-dd160c5ae974,用户45678786,为主播点了个赞,2021-09-06_22:31:00
101,d694f88b-3bd3-4570-b4d3-119e243bf584,LISSUYI,为主播点了个赞,2021-09-06_22:31:01
102,7bdc089f-e055-467d-9451-87a44621504c,你比纸巾还能扯o,跳舞,2021-09-06_22:31:01
103,d6db72db-a472-413a-808d-7d2567b7db6b,解小亮的狗粉丝,卷发粉今天过节,2021-09-06_22:31:02
104,4cbc4300-d635-43ec-b4b7-da0c704fc275,庚哥哥,.,2021-09-06_22:31:03
105,792aa204-1b12-49b2-922b-52ec348d4b64,王雨檬的Selena,感谢 比翼茑 的3个666,2021-09-06_22:31:04
106,e27e173c-2cfb-4b91-b87a-812694fca4e5,丧20754,跳完了？,2021-09-06_22:31:09
107,9975b98a-32e8-4b57-b963-95f160ecbfbe,你比纸巾还能扯o,檬姐几点跳舞,2021-09-06_22:31:09
108,f49c9789-24f3-4c9c-ab69-6631152f8171,炎LZY,为主播点了个赞,2021-09-06_22:31:11
109,ea007462-d065-4cc7-b02e-a68aeb86f7b7,小帅帅的土豆,为主播点了个赞,2021-09-06_22:31:12
110,d21a6604-95a8-4e47-9db2-9c19e9ad3508,说说减肥而已,卷棒太烫，檬子姐忍一下,2021-09-06_22:31:16
111,967bcf1c-f2d3-44cb-a9f9-e7448c02bc1e,toiyko,不去参加草莓的歌友会么。你俩合唱一曲,2021-09-06_22:31:17
112,c04123e0-e80d-4846-87af-a0376cf4cf34,魔教刘阿斗,12点之前连点牛马？？,2021-09-06_22:31:22
113,2b117d3b-2a6c-4e31-b82a-8ef3f34a78f0,你比纸巾还能扯o,檬姐 几点跳舞,2021-09-06_22:31:29
114,8beacbbf-b6e8-4dfd-b126-1b7ffa416f0b,掀起你的头盖骨,为主播点了个赞,2021-09-06_22:31:30
115,1c8a8315-7fe5-4e40-bd25-d9354fbe1bd4,nichlsas,知道吗,2021-09-06_22:31:33
116,da0a7301-987a-470b-96e9-2101057b8032,王雨檬的Selena,感谢 梦梦好运无敌 的青青树叶,2021-09-06_22:31:36
117,7b6550ce-ac1e-488f-bc51-329baf7bd568,寂陌少年,do you  dance now??,2021-09-06_22:31:41
118,989c6c45-4c61-40a5-ac48-6bf1feeee8f8,ShamChief,可,2021-09-06_22:31:45
119,c719fb24-81c1-40c4-ae99-bd2789685477,王雨檬的Selena,感谢 梦梦好运无敌 的办卡,2021-09-06_22:31:46
120,b27b8c78-e500-4c79-9b61-2eab4e6d535e,王雨檬的Selena,感谢 子枫misstriste 的音符,2021-09-06_22:31:47
121,0a94ac9b-0ef2-4864-bf9e-804da7aa160d,孤独时代的醉梦之戏,可以唱歌,2021-09-06_22:31:48
122,a5f78a5f-1397-4c85-947a-dd834e3b23af,王雨檬的傑尼斯,怎么调画面了，偏绿,2021-09-06_22:31:50
123,5588aeac-7c69-4fac-ab84-bd6615114c99,王雨檬的Selena,感谢 梦梦好运无敌 的白云卡,2021-09-06_22:31:50
124,f40b5648-6122-4102-8d0e-f6c327faa3eb,实在嚣张,可,2021-09-06_22:31:51
125,9bdc3a79-cf9e-45b6-9372-97e34a17a046,L8972904,为主播点了个赞,2021-09-06_22:31:51
126,7c992a1a-4b26-46a8-a05f-0b36d8c10ef5,魔教刘阿斗,今天喝的啥？？？,2021-09-06_22:31:56
127,326e921f-8152-40f7-bf52-c7501ddbb710,进步青年大导演,为主播点了个赞,2021-09-06_22:31:56
128,cc2cb353-de56-4ecf-979e-0f12ecd8ad70,演唱会之王,那再见了,2021-09-06_22:31:56
129,142a50a8-1df7-410a-aad4-863e7a40a704,你比纸巾还能扯o,那玩牛马局吧,2021-09-06_22:32:02
130,649fd34f-783e-46aa-8c64-5c638a8bd6c7,王雨檬的Selena,感谢 子枫misstriste 的2个音符,2021-09-06_22:32:03
131,278bb957-43ab-4729-aef3-75aa25573874,fjy洋洋,老王太懂我了😄,2021-09-06_22:32:06
132,91817114-e35a-441e-b505-0af40f1a6e1c,王雨檬的Selena,感谢 梦梦好运无敌 的2个白云卡,2021-09-06_22:32:09
133,34ecd633-9c7d-4b22-8b7c-28c0626d343b,王子豪180,那再见了,2021-09-06_22:32:12
134,976f56e6-3c5a-43f1-9f4e-266eef63cf45,蒋大帅阳光单纯善良,为主播点了个赞,2021-09-06_22:32:14
135,41ec385a-38c0-4320-aaae-63864b5613c7,Snake1225,没你好看,2021-09-06_22:32:14
136,6a9801fe-1bb8-4e2f-ae61-04efe361f626,求老仙奶雨檬每天饿着,星巴克送的？,2021-09-06_22:32:15
137,0758a89f-9421-4ea7-8462-439f1ac15a52,ZBYYDS,好看,2021-09-06_22:32:15
138,1d7b8c21-f834-44cc-bdf7-8fa81afcf9e4,王雨檬的傑尼斯,星巴克打钱,2021-09-06_22:32:15
139,16d4ec72-5617-4a4a-b90b-ec3a3a8113b8,nichlsas,跳舞主播不跳舞,2021-09-06_22:32:15
140,9892f6b7-edee-40ce-b74b-29b396e8048e,王雨檬的Selena,感谢 王侯居 的办卡,2021-09-06_22:32:20
141,371afb1b-3f58-4802-998c-77e04cb63737,罗米娜的大憨憨,好看,2021-09-06_22:32:20
142,702e9a77-6125-4e85-91d6-a05a55a9b695,解小亮的狗粉丝,今天喝的热饮，懂得都懂,2021-09-06_22:32:24
143,a58afc29-714f-4d68-9ce8-974ce0e0d293,你比纸巾还能扯o,星巴克给你广告费没？？？,2021-09-06_22:32:25
144,bc27dbca-9848-4882-9396-8a1645a2f36c,F几时stupid,为主播点了个赞,2021-09-06_22:32:26
145,4095eed3-9dc4-423c-9c77-3a0f5eafdfa8,独宠团团的木子Qing,百香果,2021-09-06_22:32:26
146,f8fcf446-5d72-47db-a036-3ea88fac853a,实在嚣张,没你好看,2021-09-06_22:32:27
147,4cb2b649-a118-42be-9c38-214e2a308593,求老仙奶雨檬每天饿着,感谢 王侯居 的办卡,2021-09-06_22:32:30
148,ff2d8daf-66c1-4bb2-b7ed-a8f61fab78a6,王雨檬的小当风,多喝热水,2021-09-06_22:32:30
149,7a0bd6ad-75fc-48a7-a26f-4194cb5c8621,斗鱼用户WUg6DWAz,为主播点了个赞,2021-09-06_22:32:30
150,802aef4a-22cc-4cea-a84a-59a86d5d46f5,说好的大宝剑,为主播点了个赞,2021-09-06_22:32:32
151,c01a7f13-919d-4046-b077-99f5d4d3af91,王雨檬的Selena,感谢 王侯居 的7个办卡,2021-09-06_22:32:32
152,c399c1f2-09cf-444d-9de3-05ab1ebde396,魔教刘阿斗,买个猫爪杯吧，那个挺好看的,2021-09-06_22:32:32
153,bac27406-65d7-4306-831c-e19f481a5780,END夏V,这杯子太小了,2021-09-06_22:32:33
154,1bbfb616-c943-4826-9fe1-265e281889e3,说说减肥而已,星巴克这不交下广告费,2021-09-06_22:32:33
155,c31206e2-23a7-4e6a-8c2e-0c1bb87c7aa7,顶不住米娜,为主播点赞,2021-09-06_22:32:38
156,c1d0d6cd-c467-4158-8b8d-3c2f59bc01f6,台湾县村民,晚上好啊美妞,2021-09-06_22:32:38
157,7dbb2fb3-26fb-4d49-8d90-37c7616b0189,孤独时代的醉梦之戏,,2021-09-06_22:32:40
158,8550c9af-b5a3-406b-8cca-7570d2ec8a26,王雨檬的Selena,感谢 Aka小锤子丶 的青青树叶,2021-09-06_22:32:41
159,849b3278-2d3b-4605-8405-c5bc333f35ff,Lonely85768,多喝烫水,2021-09-06_22:32:45
160,c5b5068a-e32a-4994-92cb-e5335485a69a,靠谱先生007,多喝岩浆,2021-09-06_22:32:47
161,573b341a-25bd-476d-8f0d-9f51fed667bd,用户71679529,董卓看貂蝉,2021-09-06_22:32:49
162,360725c1-06ee-45f8-9692-d82eb07d52c3,我叫向前啊,我瑞辛咖啡愿意出2倍价格,2021-09-06_22:32:52
163,9184cc07-6f49-4ef2-a32d-d529581434a2,周姐小心杆,今天谁说跳舞跟谁急啊,2021-09-06_22:32:52
164,4274a7c9-3265-46cd-9db8-5eb17dffda11,HumTony,今天跳完了没,2021-09-06_22:33:01
165,c2d21700-9cc6-4a16-837a-bd3d1f63959b,玉酱的少女哥,太妃好喝,2021-09-06_22:33:02
166,355f7750-3923-4f44-99d5-a6df2c15feee,浅吻學弟,刚跳完舞？,2021-09-06_22:33:06
167,5b7cda67-6dc8-461d-b5f9-7308b581ba94,解小亮的狗粉丝,多喝热水,2021-09-06_22:33:07
168,7e20d2a5-6d7a-4641-8d5a-e956ec58f709,王雨檬的小当风,口味变化,2021-09-06_22:33:07
169,6173be4f-4a9a-4550-8cf7-bfbb0cb2c7c3,Lonely85768,星巴克🐶都不喝,2021-09-06_22:33:07
170,c862baf6-4bb8-4399-8e89-ce18b1180ac3,玉酱的少女哥,就是只卖三个月,2021-09-06_22:33:10
171,dd9bc9a5-2ae2-4728-a921-da77011f0a73,鱼书未至情思不消,....,2021-09-06_22:33:10
172,e8e5c220-6cbf-4292-9c48-4320a4156abb,ggggggggg22,为主播点了个赞,2021-09-06_22:33:10
173,815b1618-52c8-4276-932e-ded202cbf201,TGSGD黎羽,为主播点了个赞,2021-09-06_22:33:16
174,59de1fae-b050-4d9e-a370-01ac292ddb01,VAX渊皇,为主播点了个赞,2021-09-06_22:33:17
175,a6e2f9e9-bd67-4d4d-b5b5-ff87b90171bb,作ing,为主播点了个赞,2021-09-06_22:33:20
176,10ba0aea-b370-4a48-aa63-3f4d531de6da,云天儿112,今天不导了,2021-09-06_22:33:20
177,53327f6f-4180-4de4-b233-b94f9d68409b,阿达西八,星巴克的....我一朋友就在给星巴克设计杯子,2021-09-06_22:33:20
178,2565d295-c59a-455a-8af7-6c4edafc8a9d,清风挽离人冫,为主播点了个赞,2021-09-06_22:33:22
179,fa548021-db4d-4863-880a-5d1bd325bc94,用户86033648,123,2021-09-06_22:33:25
180,907f11dd-0b41-4b32-8d18-deb48791fabd,XEternally,为主播点了个赞,2021-09-06_22:33:25
181,6455f47f-c11c-499e-b33f-bd5a80d30b16,小鑫宇吖X,哇哦,2021-09-06_22:33:25
182,c5898e16-98bb-4d71-b3b6-76edfbd5e7cc,王雨檬的小当风,星巴克 骗了我半年的会员,2021-09-06_22:33:26
183,40f6f4b5-aa1a-47a0-8124-125f2b35831d,台湾县村民,我小时候还不吃生姜呢现在啥都吃,2021-09-06_22:33:30
184,5443e435-9ff4-48b2-99ef-9ccdae14db3c,王雨檬的小当风,狗都不去,2021-09-06_22:33:34
185,dadec968-1bc7-4089-89fa-469bfda65030,小鑫宇吖X,好漂亮,2021-09-06_22:33:36
186,b4634a2b-73fa-411b-b0ba-cba393f05f3a,小白超火,哈哈哈,2021-09-06_22:33:38
187,2eb31fbf-4f89-4298-a1d7-036a2815ee78,王雨檬的Selena,感谢 香菜菜饼干 的玫瑰花,2021-09-06_22:33:38
188,124537f6-b90e-4675-8cbf-163e99cea8fe,可乐看看,我看到了,2021-09-06_22:33:44
189,01901c04-10a6-4ca1-a04f-90b9bb843e94,了了你的话,好,2021-09-06_22:33:46
190,f893a680-d6cf-49e6-8193-4a4d72e25fb0,淦波蛤123,6,2021-09-06_22:33:46
191,b53e3647-5480-4aa3-b44f-99dd7d2d97ca,阿达西八,经典的爪爪杯,2021-09-06_22:33:52
192,c66a28c1-607d-44bd-b33b-1d83716a4b9c,说说减肥而已,卷棒太烫，檬檬你忍一下😭😭😭,2021-09-06_22:33:56
193,5effb886-6ccf-4694-b1b9-8771237c1048,HLLQ0,为主播点了个赞,2021-09-06_22:34:01
194,585f95b7-b53a-47ff-a651-3904d6bea8e1,王雨檬的Selena,欢迎 小鱼家的4516,2021-09-06_22:34:02
195,b3b7665e-4fd2-46f7-8c62-5cc4aa65e672,玉酱的少女哥,或者卡布奇诺加三倍浓缩,2021-09-06_22:34:03
196,71ec404f-f265-447b-a699-308da28d237f,实在嚣张,王指导家里缺个扫地的  我可以举手,2021-09-06_22:34:12
197,2f5ff4b4-50d3-4722-b4e2-3227c3cb40a2,勝G06,人呢,2021-09-06_22:34:18
198,1d93614a-629f-4456-84cd-ee12b9505f7b,勝G06,？,2021-09-06_22:34:25
199,3d6850e3-0bd6-4b57-a86b-adc1f4f3d9ad,心中有佛964,为主播点了个赞,2021-09-06_22:34:28
200,bd1f2e2a-8cc9-4792-b115-e366454cdf3e,吾邢道荣,插座歪的！,2021-09-06_22:34:31
201,cb20f65a-0849-4a56-aedd-cfe81ddc75f0,暮挚,？,2021-09-06_22:34:31
202,06f4f355-8a48-4623-a5d1-7a753bfb31ce,梦梦家的倩倩,人哪里去了,2021-09-06_22:34:32
203,a84c5828-9b90-423d-a0b9-f274410ec201,说说减肥而已,扫地机器人应该比你扫的干净,2021-09-06_22:34:33
204,76220df3-d9b6-4bb0-8400-7b22b28bf73c,陈柏松,牛呀,2021-09-06_22:34:34
205,24f23102-8d35-4f69-826b-8d8029997c5d,求老仙奶雨檬每天饿着,主播去卷头发了,2021-09-06_22:34:35
206,5589050c-d5b3-42dc-ab2b-efa399c70a9a,用户44988270,为主播点了个赞,2021-09-06_22:34:35
207,e3b8d6a8-14d1-4f42-b236-399ef59aa2dc,二琪的专属老头,摄人心魄,2021-09-06_22:34:38
208,541982c1-313f-460c-b8e9-f505474c595b,Joinl00785,人呢,2021-09-06_22:34:39
209,13f417f6-510c-47e8-9974-f03bf1ddb516,求老仙奶雨檬每天饿着,主播去卷头发了,2021-09-06_22:34:45
210,b077dc35-614f-4643-9e9b-4694105fd3f6,老太婆开嘟嘟,人嘞,2021-09-06_22:34:49
211,7e306a9a-f272-496c-8848-323a409811b9,JonnhyZore,王指导，干嘛去了,2021-09-06_22:34:51
212,c5566768-80e8-40de-976b-483641c800f6,Joinl00785,人呢,2021-09-06_22:34:53
213,5d8d73e9-3f6c-4a6c-8739-f0371fdc000b,王雨檬的小当风,？,2021-09-06_22:34:54
214,e90490f3-ff9e-4fd5-a041-08d1835b69a5,说说减肥而已,没有,2021-09-06_22:34:56
215,20a01a13-71ee-4e96-8704-babc4441b0d3,求老仙奶雨檬每天饿着,主播去卷头发了,2021-09-06_22:34:56
216,8218e402-bbda-44e2-84a7-e037d7ac94d3,二琪的专属老头,摄人心魄,2021-09-06_22:34:59
217,64677f65-a375-43bf-b5ce-f0566b6f7a24,想公主抱住菠萝塞东,为主播点了个赞,2021-09-06_22:35:01
218,ad091d40-c168-4bf1-ac85-6af400240af3,台湾县村民,这衣服顶阿我恩了,2021-09-06_22:35:04
219,2085523d-bef2-402f-9a9e-1ac6f397e2c5,求老仙奶雨檬每天饿着,看出来了,2021-09-06_22:35:05
220,647fb3e0-e18f-4f70-b508-5524f166d956,王雨檬的小当风,看出卷了,2021-09-06_22:35:05
221,fe9e7b3f-9d94-4158-bba6-9784e291c17a,求老仙奶雨檬每天饿着,主播去卷头发了,2021-09-06_22:35:07
222,8a13a2b9-8478-422e-9951-2f8b89d6a736,玉酱的少女哥,头发没那么散了,2021-09-06_22:35:07
223,9da554a5-173d-452c-85e5-b9d70d1e153a,王雨檬的Selena,感谢 梦梦家的倩倩 的办卡,2021-09-06_22:35:07
224,c04fd77e-e304-4e19-aa1a-bfbd8b358892,为了我小老婆我戒烟,摄人心魄,2021-09-06_22:35:09
225,ee5923d1-03e7-48d2-ae5b-f4e770319910,N8425,为主播点了个赞,2021-09-06_22:35:18
226,bb2e01b1-993b-45ba-a27c-80be24ccc589,玉酱的少女哥,没变化,2021-09-06_22:35:19
227,5ab741c8-c75f-4c73-87ac-ec120d6dde46,北念85428,骚猪来了,2021-09-06_22:35:20
228,7fd152f9-32dc-4f89-84ae-640d679f5b51,二琪的专属老头,看不见刀疤了,2021-09-06_22:35:20
229,298ecb66-70af-4dee-a246-546e37d8b8c8,Joinl00785,赶紧跳舞,2021-09-06_22:35:21
230,e0dc03e4-18de-490d-b8a2-c00e61f16556,古德博爱,王指导！,2021-09-06_22:35:22
231,d4ba632d-0dd2-4295-9932-d30c16acc1b1,王雨檬的Selena,欢迎 半支烟中将,2021-09-06_22:35:23
232,59105463-8da2-4447-9286-ccc2755ef8f2,求老仙奶雨檬每天饿着,内卷了,2021-09-06_22:35:24
233,2b008b34-409e-4d6a-913a-092565230a1e,求老仙奶雨檬每天饿着,主播去卷头发了,2021-09-06_22:35:26
234,1d79e554-8329-4b6f-be5b-685c779e2a79,小小玛利亚,为主播点了个赞,2021-09-06_22:35:27
235,7e22df09-3e12-4633-a628-a44a01e6d4b5,Joinl00785,,2021-09-06_22:35:28
236,27add289-e118-443d-81c0-5e5459f2edee,叫点啥好啊,为主播点了个赞,2021-09-06_22:35:31
237,638a15ea-76b4-47d7-9ef2-fc91f8efe2da,王雨檬的Selena,感谢 健康和努力 的30个烟花券,2021-09-06_22:35:31
238,b2edefa9-57c3-4412-bc6c-e1b7590d1d8d,王雨檬的小当风,然后呢,2021-09-06_22:35:32
239,37a2873a-58ff-48ab-9427-39820ec84d47,秋风882062,没昨天好看,2021-09-06_22:35:37
240,9f6ab24b-5e46-4fe4-92d4-824a6b72561c,王雨檬的Selena,感谢 健康和努力 的150个烟花券,2021-09-06_22:35:38
241,ab7cff58-c2ad-4f93-a066-40046d1197fe,沫落烟火,大佬大气,2021-09-06_22:35:41
242,e6a5c039-bee6-427b-bef2-a3ae8c85fce4,求老仙奶雨檬每天饿着,主播去卷头发了,2021-09-06_22:35:43
243,9c4c2862-c5f8-4490-bf57-6f848361fbd1,药尘vs萧炎,大气大气大气大气,2021-09-06_22:35:46
244,98be9a07-4e5d-463c-9b01-9e6fe4bf6634,用户89232692,更漂亮了,2021-09-06_22:35:46
245,e7d2857c-fd22-4248-ac45-32923ea3403b,苍穹之耀,三个字 摄人心魄哈哈哈,2021-09-06_22:35:48
246,c8789bdd-e18c-47cc-8e77-83f94d19e3ab,王雨檬的Selena,感谢 梦梦家的倩倩 的办卡,2021-09-06_22:35:49
247,752fb3f9-6615-4ac5-b3cc-eb9aa7bad12c,王雨檬的Selena,感谢 健康和努力 的100个烟花券,2021-09-06_22:35:51
248,3cdb6273-3f56-409a-a048-38c60ad547e1,我非良人Mr21,啊～又是被雨檬姐的美貌震到的一天,2021-09-06_22:35:52
249,967f47a8-2c92-4a4c-8ed5-acbdb1f158f5,枷锁主义,牛批,2021-09-06_22:35:53
250,35ddc374-86d1-4eb9-9a4e-38568ae1b2eb,新新敏敏,大佬大气,2021-09-06_22:35:57
251,e1a77634-554b-4f7a-9dbe-3cede5189d1a,求老仙奶雨檬每天饿着,主播去卷头发了,2021-09-06_22:35:57
252,68397cee-888b-4536-9744-8525082f3637,我喜欢你018727,为主播点了个赞,2021-09-06_22:35:59
253,4ecd578d-639c-4319-a57f-a1c84d884a15,梅酒卿卿,求姐姐的口红色号,2021-09-06_22:36:07
254,a3161203-4d65-4a12-ac47-2aa473d985ed,王雨檬的Selena,感谢 景天醉逍遥 的办卡,2021-09-06_22:36:08
255,f9bb2fc4-ffdb-4cc3-b4fd-acc4902c1f5f,梦梦好运无敌,谢谢倩倩,2021-09-06_22:36:17
256,190f3c19-a965-4d56-997a-2ecede283c6f,九尾狐娘,好呀,2021-09-06_22:36:18
257,153c1181-e7fd-41d2-ae82-7c5aa0da3fd6,梦梦好运无敌,哈哈哈哈哈,2021-09-06_22:36:19
258,9b61d8f4-3f54-404d-ab82-397844c60ca3,s绿鲤鱼与驴s,我在北京的环球影城看见你了，没好意思上前和你打招呼,2021-09-06_22:36:20
259,b71d009e-68b2-453f-90ce-2e17f73fbafb,王雨檬的小当风,机器人 短路了,2021-09-06_22:36:21
260,a90f306a-d1f5-492b-8567-8aea730156c8,台湾县村民,随你,2021-09-06_22:36:21
261,f305be5e-0bc3-4b08-8f41-96dbd8209d01,梦梦家的倩倩,景天你也来了,2021-09-06_22:36:21
262,0a1c2b3c-b939-47e5-a305-2810e182224e,桂花树下的王雨檬,好的。,2021-09-06_22:36:22
263,c711b668-007f-4d75-a186-a94b1016352c,JonnhyZore,不好,2021-09-06_22:36:25
264,ed43f6b3-b617-46b4-b43b-004af18f989d,说说减肥而已,摆烂粉狂喜,2021-09-06_22:36:26
265,499ea73f-0092-4774-bf49-1e084d075961,感觉你们在卖萌,怎么看回放,2021-09-06_22:36:28
266,4128862d-6ba7-4a8e-a407-be6f5366ec31,求老仙奶雨檬每天饿着,摆烂粉狂喜,2021-09-06_22:36:33
267,4d38f8e1-e343-45b0-b275-2671d1741113,用户239241025,开场舞没了？,2021-09-06_22:36:36
268,4207857a-04ec-4224-b762-3422dc70e939,悦发孤独,王指导晚上吼,2021-09-06_22:36:36
269,545daeb7-60d2-4124-b1f0-e74e619f6284,王雨檬的小当风,你认错人了,2021-09-06_22:36:38
270,5e556a6a-d4a0-44f5-b2be-93dc60a5e03b,九尾狐娘,开学了不能看檬檬太晚了,2021-09-06_22:36:40
271,deb44583-f8cf-4d9c-973f-dc7b131620e2,求老仙奶雨檬每天饿着,牛马竟在我身边,2021-09-06_22:36:42
272,ac52f747-d28c-42b2-a8f8-6ef869a96d18,天枢之主,为主播点了个赞,2021-09-06_22:36:53
273,d216b414-7aad-4d33-ab2a-67f77f13e2ce,李小喵r,我是一条弹幕,2021-09-06_22:36:58
274,3c7d4c4c-0698-45c3-b783-a54a9e5a3ead,梦梦家的倩倩,主播声音好听,2021-09-06_22:36:58
275,e519a80c-451f-4b94-9b51-3199bfd6647a,王雨檬的Selena,感谢 成果嘿嘿嘿 的10个大气,2021-09-06_22:37:04
276,4f224822-c91f-4aa3-b64d-84573a3303dd,王雨檬的Selena,欢迎 皑如山上雪2021,2021-09-06_22:37:11
277,cc53eb65-76ff-4684-83bb-3ffbd559cb09,阿达西八,为什么随机老碰她,2021-09-06_22:37:12
278,1e926242-b3ca-4a85-afae-20b3fa546d0f,团疃湍團,111,2021-09-06_22:37:16
279,2dc42281-edce-41f2-aa88-4a782eec04b8,王雨檬的Selena,感谢 周姐小心杆 的30个烟花券,2021-09-06_22:37:18
280,23b58c67-99ef-4531-be1c-685e31493f8e,王雨檬的Selena,感谢 久伴醒醒o 的浪漫花束,2021-09-06_22:37:28
281,2b56f578-2676-4123-9464-d2c493e812ca,台湾县村民,反向上分,2021-09-06_22:37:28
282,c3671ce1-d494-4bb7-a6b3-5e279d7f5147,王雨檬的Selena,感谢 普洱OVO 的大血瓶,2021-09-06_22:37:30
283,19ec4599-025c-49c6-9ae1-bfb8f63ad7a7,418hgr,为主播点了个赞,2021-09-06_22:37:34
284,9a7ea49c-aba3-41e8-ad81-ea697beb09e2,王雨檬的小当风,因为条件设置过,2021-09-06_22:37:39
285,e5531c6c-200a-466d-8e39-b7b5f11dead1,求老仙奶雨檬每天饿着,我也发现了  经常第一把随机就是她,2021-09-06_22:37:39
286,6e78469e-7d43-4cc9-86d9-fa52bee1030c,回忆中的那个笑,为主播点了个赞,2021-09-06_22:37:49
287,f4b34034-2333-471e-8848-49c186414f81,孤独时代的醉梦之戏,如花？？不是摆烂嘛,2021-09-06_22:37:51
288,f952334d-288e-406c-b17b-463298a6d106,阿希莱福特pero,为主播点了个赞,2021-09-06_22:37:53
289,d7cbd3e8-984b-489c-b68e-05a294532768,蟹强的爸爸,,2021-09-06_22:37:59
290,26a11932-c4b0-4c39-81ab-c2b887b8a798,王雨檬的Selena,感谢 浮世情缘 的青青树叶,2021-09-06_22:38:05
291,76364e68-1aaa-4799-ad95-96acbc8e5bb6,王雨檬的Selena,感谢 周姐小心杆 的烟花卡,2021-09-06_22:38:09
292,349eb626-b2cf-49ec-a9a1-4485405293be,独恋搁浅,怎么老是 pk???????????,2021-09-06_22:38:11
293,cf52b6c4-db91-4447-a767-075ff188f6ba,天天都开心鸭,今晚也不跳舞吗,2021-09-06_22:38:11
294,1ad57081-73e9-4acc-9075-49faa5e20f20,求老仙奶雨檬每天饿着,感谢 浮世情缘 的青青树叶,2021-09-06_22:38:15
295,7b907587-2dfb-45e0-939a-f1fd46228de7,求老仙奶雨檬每天饿着,感谢 周姐小心杆 的烟花卡,2021-09-06_22:38:16
296,5073b900-a295-4a5b-8ea7-6e032e8458de,END夏V,等下道长跑去上分就麻烦了,2021-09-06_22:38:16
297,add19b8a-9753-41bb-9e93-eeb8efbe910f,王雨檬的Selena,感谢 浮世情缘 的8个青青树叶,2021-09-06_22:38:19
298,fba45069-077c-4482-8b1c-57fe6d65d1db,空叹855,为主播点了个赞,2021-09-06_22:38:21
299,5ca9109b-e855-4675-a668-96d800cd6daa,xixirangrang,为主播点了个赞,2021-09-06_22:38:22
300,302282c7-e1af-44e7-b346-bb08fe0b0b0c,王雨檬的Selena,感谢 笙笙sy 的音符,2021-09-06_22:38:23
301,6b830c1a-ea7c-4cfc-9f53-2bd72bab4b96,局外人957182933,66,2021-09-06_22:38:24
302,ff67fabc-5a71-405c-b394-74468acd8fc8,台湾县村民,有点弹性,2021-09-06_22:38:26
303,2678d532-333b-42b1-b17f-4a10f2a05ef4,你的她爱吃我的它i,老婆 我爱你,2021-09-06_22:38:31
304,425ed0b0-1db3-4b90-984c-4e52953e1f04,王雨檬的Selena,感谢 立花花花酱 的蓝水晶卡,2021-09-06_22:38:35
305,5360a014-38a5-478d-846d-ef22ef76b35b,五根清净,为主播点了个赞,2021-09-06_22:38:36
306,b92d9be7-e480-4780-a1af-b7584954500e,soul丶AnDy,为主播点了个赞,2021-09-06_22:38:36
307,1c2a634d-0bba-4149-86c7-2598d71f68df,独恋搁浅,怎么老是pk,2021-09-06_22:38:38
308,6bf67564-e46e-430b-8f52-d393cf64d27a,求老仙奶雨檬每天饿着,感谢 立花花花酱 的蓝水晶卡,2021-09-06_22:38:39
309,f8136b62-da84-4a1c-b895-8374b9676824,acken,0,2021-09-06_22:38:42
310,84baf681-b5c5-408b-b902-feca9be1856e,晋东南第一混子,为主播点了个赞,2021-09-06_22:38:43
311,a271b847-6f5d-4078-bc81-aafd98668620,王雨檬的Selena,感谢 健康和努力 的500个烟花券,2021-09-06_22:38:45
312,c1550072-70bc-45c3-8a00-686baf21498d,王雨檬的Selena,感谢 梦梦好运无敌 的办卡,2021-09-06_22:38:47
313,167f8ad9-7af4-42b8-a0b7-df1d80aae81c,魔教刘阿斗,ppc？？,2021-09-06_22:38:51
314,3cc2b774-ee84-49db-8f57-f23419a16574,萍萍姑娘,大气,2021-09-06_22:38:52
315,135c9190-1ac3-4cd6-b2f8-bd45a6bb55c0,名井南的男神,为主播点了个赞,2021-09-06_22:39:00
316,619474a8-8e94-43df-972c-f6b32457997b,王雨檬的Selena,感谢 用户51715082 的打call,2021-09-06_22:39:01
317,e9c8c7ce-6b8d-498e-953e-747834f04561,因帅判八年缓期执行,为啥给禁烟了,2021-09-06_22:39:04
318,e0853b98-baf0-494b-9efe-8dcb21971525,Rioly絕怼,美,2021-09-06_22:39:06
319,d157de60-1696-449a-859e-64d86e15edf1,王雨檬的Selena,感谢 梦梦好运无敌 的白云卡,2021-09-06_22:39:10
320,b55eeab9-9503-443c-b9ad-0d9e415379f5,王雨檬的Selena,感谢 醉梦之戏 的3个办卡,2021-09-06_22:39:12
321,b3c09051-d28c-4055-925e-bc48ac4af6ee,护手霜刚才有,为主播点了个赞,2021-09-06_22:39:16
322,ee4488c9-a4ea-4411-8280-aea7292d1e4f,NIERRR丶的Honey,585,2021-09-06_22:39:21
323,757654dc-972c-452c-8d67-56c6a6cedf58,台湾县村民,冲冲冲,2021-09-06_22:39:22
324,7306d8eb-a349-4353-a026-653e23f5fbd4,王雨檬的Selena,感谢 梦梦好运无敌 的3个白云卡,2021-09-06_22:39:25
325,d2151a81-435f-4d4d-9194-c3ba283f1614,王雨檬的Selena,感谢 仙儿的丝袜 的音符,2021-09-06_22:39:26
326,f90a9bfd-d9dc-4d7a-bdd5-fb28f0aea0b9,疯啥刮脸,。。,2021-09-06_22:39:29
327,be564cb2-2dfc-42d5-8fce-42a1dcd28783,一只熊公公,为主播点了个赞,2021-09-06_22:39:32
328,433a9eeb-3563-4e91-bc72-6a476caf2ac2,球球男,好看,2021-09-06_22:39:34
329,3a5e950e-86e1-47aa-abdf-fb846dd64650,王雨檬的Selena,感谢 仙儿的丝袜 的2个音符,2021-09-06_22:39:38
330,73dcc978-7665-48ad-863f-f6c8d21a292c,阿傲606,为主播点了个赞,2021-09-06_22:39:40
331,4d2e5b36-c8ae-45cc-94f5-d38f6d3b28c8,王雨檬的Selena,感谢 笙笙sy 的音符,2021-09-06_22:39:42
332,268ed8b3-f1e9-49cb-9eea-bd0bfc8054cf,Rioly絕怼,为主播点了个赞,2021-09-06_22:39:48
333,b408f0d4-0a17-4a4c-aeff-5e0b28afa835,浅吻學弟,一来就pk,2021-09-06_22:39:53
334,9fa10432-e541-40b8-a65d-c57efe82513f,王雨檬的Selena,感谢 玉酱的少女哥 的办卡,2021-09-06_22:39:55
335,7de5bd5e-5a9e-4cdd-8ef3-5d2d3d39f19e,围它茶,为主播点了个赞,2021-09-06_22:39:56
336,60927676-566e-42ba-ab8c-3171eecee0d7,孤独时代的醉梦之戏,大家守塔呀,2021-09-06_22:39:58
337,1e2bc6fd-ba6f-4337-b80f-783e6f5e2dcd,王雨檬的Selena,感谢 笙笙sy 的6个音符,2021-09-06_22:39:58
338,758d3169-c345-4d95-8885-bb84f0827adf,王雨檬的小当风,有偶像包袱,2021-09-06_22:40:07
339,3ad76ea8-cf4e-466f-ae83-31a2d02ce2a4,尐尐不大,大气！！,2021-09-06_22:40:14
340,e6fa00ea-57be-4172-be31-b05ec9e780fa,宝宝文恩嘛,老板大气,2021-09-06_22:40:18
341,c24bf5cb-e3a9-4140-a6b5-3ddcea6c34e4,孤独时代的醉梦之戏,好,2021-09-06_22:40:20
342,5e8b506a-9fa3-4536-a329-e3bf86092fd0,求老仙奶雨檬每天饿着,醉梦之戏可以说是现在直播间的中流砥柱,2021-09-06_22:40:21
343,b3b680d0-f3b6-43ee-bdfa-d9a541557465,奔跑的鲜五花,为主播点了个赞,2021-09-06_22:40:22
344,1c46e7cb-4f34-4bba-b410-3dcf1ca418ba,求老仙奶雨檬每天饿着,舔起来,2021-09-06_22:40:28
345,d1df8961-da46-43bf-82f8-9517b53c0d9d,王雨檬的Selena,感谢 健康和努力 的 3组 150烟花券,2021-09-06_22:40:28
346,a41a109a-c5ca-46fc-8c8d-3793673a6433,王雨檬的小当风,回找镜头了,2021-09-06_22:40:29
347,c0c710d5-a4e1-424e-b3ec-0f574f630674,王雨檬的Selena,感谢 汝吾winner 的办卡,2021-09-06_22:40:38
348,866e1c84-d3b0-4745-b5a2-f0126e20e4ba,巴斯光年激光波,为主播点了个赞,2021-09-06_22:40:40
349,a66a02a4-4068-449e-b9b7-b2511cb10e8e,球球男,感谢,2021-09-06_22:40:43
350,e047fa14-f8c1-4fa1-85e3-960be1663f20,王雨檬的Selena,感谢 亮可可 的办卡,2021-09-06_22:40:43
351,4c5ff170-26f4-48c1-afad-b20a7ff6e30e,球球男,为主播点了个赞,2021-09-06_22:40:47
352,54f1d8fe-4ea3-4db6-b7fc-7e6ee8b88d0f,苏苏的十一,推个塔吧,2021-09-06_22:40:49
353,bb333f00-c69f-4a8c-bd87-50deea3dea0b,王雨檬的Selena,感谢 誷訫 的10分,2021-09-06_22:40:55
354,3634ff75-795f-4ae7-b514-d126e2317264,苏苏的十一,,2021-09-06_22:40:59
355,dbcd40ad-6f53-42d6-9d4a-64824d8efdcd,zznacht,办卡局吗,2021-09-06_22:41:10
356,d3e77554-4cf6-48af-ac39-a70dc21c3bc1,3秒的过去,对面是谁啊,2021-09-06_22:41:11
357,9ee7814b-6fc8-4cd7-8879-1b5cc4e587e9,半世琉璃倾城殇327,。,2021-09-06_22:41:17
358,e3deb63d-4af5-4bb7-92c5-8667ee67215b,ai做欢喜年少,妈的 十次看 九次都在pk  看jb啊,2021-09-06_22:41:19
359,1ad82468-8025-49f5-948e-c686ce2fe26f,王雨檬的Selena,感谢 O青霄醉O 的音符,2021-09-06_22:41:19
360,1e1612eb-fce6-4ca5-80f6-d323f960cb49,狗呆er,为主播点了个赞,2021-09-06_22:41:24
361,a939fea8-e206-42dc-b614-0a5bd4c357d0,用户7347806058,。,2021-09-06_22:41:25
362,4c7c85a4-b931-4908-b138-0e3649678169,王雨檬的Selena,欢迎 草莓啵啵布丁,2021-09-06_22:41:26
363,7d7eecdc-504a-4dc0-8a29-87e8eca6ae5e,伯贤828,办卡组上一上,2021-09-06_22:41:30
364,774808e3-a806-4e31-91f3-1267b510cf89,誷訫,wangxin,2021-09-06_22:41:32
365,b9722e04-3873-4252-9bf4-ed1d0c77ac32,不良帅ht,为主播点了个赞,2021-09-06_22:41:37
366,79693523-01bf-41c6-9b43-77d6a39ef155,求老仙奶雨檬每天饿着,办卡组上一上,2021-09-06_22:41:38
367,e2498cb1-ed88-4f30-9b85-4ceba99a35d8,说说减肥而已,凝聚力,2021-09-06_22:41:43
368,cd7f29f8-c164-49ab-99f2-10be90b4f739,芈畫芷殤,雨萌主人 您可以叫我jian huo吗,2021-09-06_22:41:44
369,f043c4d7-0867-4764-a34d-2f744536a110,fifa12138,为主播点了个赞,2021-09-06_22:41:44
370,6106b0a1-22bd-4f59-8343-6bc3a15bb178,王雨檬的Selena,感谢 醉梦之戏 的音乐卡,2021-09-06_22:41:44
371,1d3b3848-0432-402a-9618-2351debf6355,求老仙奶雨檬每天饿着,有没有血瓶的好哥哥,2021-09-06_22:41:45
372,e7ee2d5c-00b8-4d91-ac88-02d6643d9774,王雨檬的Selena,感谢 求老仙奶雨檬每天饿着 的钻粉卡,2021-09-06_22:41:49
373,7c6a64d2-189e-4063-8e9a-e182f7b82320,王雨檬的Selena,感谢 三碗半212 的青青树叶,2021-09-06_22:41:51
374,48104eaa-08a9-485d-9786-e9b52b270501,王雨檬的Selena,感谢 醉梦之戏 的2个口哨,2021-09-06_22:41:57
375,2d563c3d-c858-4324-bc86-45d2da611009,听说改名字可以zj,为主播点了个赞,2021-09-06_22:41:59
376,b22ebc27-219a-44ce-9357-c779119257a5,清风细雨醉红尘,今天不扎马尾了吗,2021-09-06_22:42:00
377,43ee4083-5423-45c4-a507-35e820d54016,我想喝羊杂汤,✖️,2021-09-06_22:42:04
378,163e80d3-5803-4bcf-9f54-5f05b35ea4c7,感情太天真,,2021-09-06_22:42:07
379,54f71e74-0b2c-4db3-be27-45f3fcbd269c,丑丑大傻逼,为主播点了个赞,2021-09-06_22:42:09
380,e1d1fd5e-98d9-4dbc-84f7-0dc9a220e999,王雨檬的Selena,感谢 直教 的青青树叶,2021-09-06_22:42:12
381,34d6ca15-3302-49b3-ab5b-a1db2e88aac3,王雨檬的Selena,感谢 草莓啵啵布丁 的音符,2021-09-06_22:42:16
382,7c04221e-5f93-4fd4-9ad4-51ee6948de27,进步青年大导演,这太顶辣·为主播点了个赞！,2021-09-06_22:42:20
383,9857becb-39e3-43db-876e-e6f596186f62,王雨檬的Selena,感谢 直教 的2个青青树叶,2021-09-06_22:42:26
384,f1f7405b-b332-453c-afa7-c5a91b0a68e2,王雨檬的Selena,感谢 草莓啵啵布丁 的4个音符,2021-09-06_22:42:28
385,b467044e-9591-485b-be5e-25b4735eb394,abcdqwerGG,为主播点了个赞,2021-09-06_22:42:29
386,9687deb1-7bfa-405a-9a53-eb2fec0130b8,求老仙奶雨檬每天饿着,好,2021-09-06_22:42:32
387,733dd194-0917-400f-bb16-50797d4a22be,台湾县村民,古德古德,2021-09-06_22:42:32
388,52e3ed80-a3de-4751-b4a1-609bb9a7c41d,原来我是你的嘉宾,为主播点了个赞,2021-09-06_22:42:35
389,3ee92155-b201-4d0d-ba59-902cd382ec01,王雨檬的小当风,不对劲,2021-09-06_22:42:39
390,bb2ee769-91ef-4676-84dd-05920a7efd03,女生宿舍卖西瓜,..,2021-09-06_22:42:39
391,4513ef89-dc32-455b-87e8-1b8a5bb2f335,wu看热闹的爷爷,这是直播吗，，,2021-09-06_22:42:39
392,58981988-5b4b-4847-93d3-7eb486f6a784,Fvemiz,马尾很惊艳，颜值区都一姐了,2021-09-06_22:42:45
393,d9bea20b-9b06-4927-81dc-c21a021fcbe1,改名为给二弟涨钱,嘿嘿黑，王指导，chao死你,2021-09-06_22:42:49
394,8e207c1b-79de-4345-92bd-525425323826,Fvemiz,skr skr skr skr,2021-09-06_22:43:02
395,400e3c88-837f-414b-a8f8-ebfa408ef427,半截烟1109,雨萌今天还是那么美,2021-09-06_22:43:07
396,db064126-eb0a-4e05-aee9-40b0ee5f4cd9,王雨檬的Selena,感谢 亮可可 的办卡,2021-09-06_22:43:17
397,01e56dc7-66fd-4c21-99b4-304a5aa61762,王雨檬的Selena,感谢 用户20199281313 的666,2021-09-06_22:43:18
398,73961fbd-bc33-43b8-a7d5-2a358a983e82,王雨檬的小当风,她不是每天都这样吗,2021-09-06_22:43:38
399,1dbf4039-0a64-42de-8026-2bd0ec3fcbb1,王雨檬的Selena,感谢 八分钟的光 的办卡,2021-09-06_22:43:40
400,d340ce86-d4c3-404b-9296-deea0f69e446,LanLanYan,为主播点了个赞,2021-09-06_22:43:57
401,b3da2265-4e4a-4def-b1d6-badc12121b38,小秋丶LOVE,谢谢老板,2021-09-06_22:44:05
402,a558e5aa-2fbe-49a9-8876-c7aab9bb42ef,坨化椰汁球,沉默是今晚的康桥,2021-09-06_22:44:06
403,419660f6-5e41-4557-ac4b-204c9a3071e5,求老仙奶雨檬每天饿着,送钻粉卡你是不是不好看？,2021-09-06_22:44:19
404,263e8d31-b745-4237-9187-764d0efb66ef,韩宇122,跳舞跳舞,2021-09-06_22:44:25
405,5968a0a4-c649-46ac-9763-aa4020ec2fa6,台湾县村民,我好像没办过卡,2021-09-06_22:44:27
406,8ed9299a-2da5-4d21-98cf-f91293f502d3,王雨檬的Selena,感谢 成果嘿嘿嘿 的办卡,2021-09-06_22:44:28
407,9b74c9f4-cac0-4a1f-b917-98cea5e46bb9,人潮中没有你么么,这谁顶得住啊,2021-09-06_22:44:35
408,7b4ea7e9-ce31-45b4-a4a9-42026335ebe5,初初初518,为主播点了个赞,2021-09-06_22:44:37
409,fdcfe845-aaa1-4d5b-82a1-cfd6f06504ee,王雨檬的Selena,感谢 NH北骑 的10个玫瑰花,2021-09-06_22:44:38
410,e3c73bae-5d16-4e1d-9198-a850d1d8b39c,王雨檬的Selena,感谢 星辰T檬 的小血瓶,2021-09-06_22:44:40
411,7a85ac1b-32ca-4b52-b077-cdbb8e193b1a,17shou的小粉,我一鱼翅的咋算呢？,2021-09-06_22:44:42
412,2a61b314-afac-4849-a532-20c71f6a20fa,台湾县村民,1块钱白嫖到18级粉丝牌,2021-09-06_22:44:58
413,0840d354-db90-47e8-845a-8ccd6fd0b7bf,求老仙奶雨檬每天饿着,因为钻粉卡经常坠,2021-09-06_22:45:06
414,4be9bda0-da2c-46ae-93ea-a1408c52d940,王雨檬的Selena,感谢 妙屁种子 的青青树叶,2021-09-06_22:45:11
415,ddf72aed-c951-41c5-b96c-1a6d1d3cb9ef,王雨檬的Selena,欢迎 段段,2021-09-06_22:45:19
416,b1245cef-d02b-4a14-b7f3-21ca59c83127,王雨檬的Selena,感谢 成果嘿嘿嘿 的办卡,2021-09-06_22:45:21
417,737e754a-3a0e-462e-930c-6e205f2bd1b7,王雨檬的Selena,感谢 妙屁种子 的4个青青树叶,2021-09-06_22:45:25
418,b65cb8b1-28c1-4cfb-881a-2ffff68fb421,伯贤828,段段,2021-09-06_22:45:28
419,1a9f77aa-8233-4cf7-93a5-da8fd0024ec1,Mornshen,为主播点了个赞,2021-09-06_22:45:32
420,95b1ff2f-4023-4edb-9e79-28502721641a,王雨檬的Selena,感谢 用户7347806058 的打call,2021-09-06_22:45:32
421,c94884be-78ea-44ee-8ff5-3f2ef9083da5,王雨檬的Selena,感谢 段段 的小血瓶,2021-09-06_22:45:33
422,befdc4f5-8a77-4de4-884a-c0588e4be3ff,秋秋ov,好啊,2021-09-06_22:45:48
423,3c77f45a-589d-4ffc-a3c5-7a6602d3c411,秋风882062,我在#超管来了#中的成绩是0米，点击弹幕立即挑战〉〉,2021-09-06_22:45:49
424,7dcd52f3-b51e-4907-9bbd-4e1d5efa6787,王雨檬的Selena,感谢 用户7347806058 的打call,2021-09-06_22:45:50
425,09a943c9-af47-4960-9e64-223a24f96efa,求老仙奶雨檬每天饿着,好,2021-09-06_22:45:51
426,c79c0045-9c7c-4cc0-8602-1a29ea84d6cc,十一00665,为主播点了个赞,2021-09-06_22:45:54
427,e1848d4b-6860-4a25-a858-ab5da89dec7c,求老仙奶雨檬每天饿着,牌面粉站起来了,2021-09-06_22:45:57
428,638f68d6-d417-47e4-a9c2-6dedad52384f,山东靓仔吖,为主播点了个赞,2021-09-06_22:45:58
429,b9a345a6-621e-4e52-b2e0-8b844222afe7,王雨檬的Selena,感谢 用户7347806058 的3个打call,2021-09-06_22:46:02
430,282259fd-f07b-4e06-8f4d-3134d6fa30da,Mornshen,这个pk.条真的烦人，挡了多少东西,2021-09-06_22:46:04
431,3ea06615-97d3-49dc-8717-f32a1c72bdc6,雪冬QWQ,为主播点了个赞,2021-09-06_22:46:09
432,9224328c-5093-419e-a15e-e459969ebf3c,秋风882062,我在#超管来了#中的成绩是155米，点击弹幕立即挑战〉〉,2021-09-06_22:46:09
433,87f3ef52-39a8-4e95-968a-b1999ccf38c1,狮子檬的小迷弟,大哥自带血瓶,2021-09-06_22:46:09
434,f99268cc-a2a3-4845-9b2f-dc3763f311dc,王雨檬的Selena,感谢 健康和努力 的30个烟花券,2021-09-06_22:46:10
435,2ff4b875-d91b-4734-b19d-7b6625a850a4,王雨檬的Selena,感谢 用户7347806058 的打call,2021-09-06_22:46:12
436,9e4cac7f-ac7f-4cdf-9440-cd8677265e32,小主播无限,我他么擦了半天，原来是这主播脸上有个痦子,2021-09-06_22:46:23
437,95e3530d-d4fb-4333-8500-b09e0f165788,秋风882062,我在#超管来了#中的成绩是267米，点击弹幕立即挑战〉〉,2021-09-06_22:46:27
438,5b351aa6-47eb-4354-9bd5-0d8f37807b3d,说说减肥而已,男头像,2021-09-06_22:46:32
439,63e3d3e8-9634-4b01-b50c-593c3481a5d3,秋风882062,我在#超管来了#中的成绩是267米，点击弹幕立即挑战〉〉,2021-09-06_22:46:32
440,38270d3e-f500-4f9e-a9c0-bd4c6051846e,王雨檬的Selena,感谢 只是丨梦一场 的钻粉飞机,2021-09-06_22:46:39
441,2e8b8f94-2357-4ffb-8b4c-f62a969ca2d4,意志战车13,牛批,2021-09-06_22:46:42
442,c39e094b-777e-4d38-a2bf-414369456420,爱屋及乌战,为主播点了个赞,2021-09-06_22:46:45
443,78c318fa-1463-4a2e-9f2f-be647ffce94f,秋秋软糖777,来了老婆,2021-09-06_22:46:45
444,36339f0a-9405-47e2-ad3e-88ec63bd4faa,王雨檬的Selena,欢迎 獨自去开心,2021-09-06_22:46:50
445,e9235ef7-df87-4dd5-a03b-3bc3634c7230,王雨檬的小当风,毫无悬念。。。,2021-09-06_22:46:50
446,258d4c6d-359d-45c5-a1e2-6165b0d3c02d,实在嚣张,主播脸上那叫 美人痣,2021-09-06_22:46:51
447,c0ad865b-b91f-4204-9363-b097a3bec055,用户15793399,鱼头哪去了？,2021-09-06_22:46:53
448,15666a2d-ad46-4d41-9bde-d04267329e10,求老仙奶雨檬每天饿着,感谢 只是丨梦一场 的钻粉飞机,2021-09-06_22:46:53
449,d3b84408-b51d-4ec3-adf9-65165a168a4c,王雨檬的Selena,欢迎 啊南很忙啊,2021-09-06_22:46:54
450,8a578bc1-93c6-4017-89cb-b408e918f807,爱屋及乌战,为主播点了个赞,2021-09-06_22:46:58
451,9c561aa0-3aae-4b41-a9f8-bb86444c4579,用户15793399,南哥,2021-09-06_22:46:59
452,abcfabeb-86ed-4de9-95be-16da371d7dc6,上海滩赌鬼,南南,2021-09-06_22:47:01
453,08f2ad4a-cec2-455e-bf0f-9b09c79b2097,求老仙奶雨檬每天饿着,欢迎 啊南很忙啊,2021-09-06_22:47:03
454,394190f2-31db-49d1-a197-06516cd14590,用户15793399,南哥YYDS,2021-09-06_22:47:03
455,d9c45ae3-29ac-43e1-933e-be7354f88d49,王雨檬的傑尼斯,南哥,2021-09-06_22:47:05
456,2edb4e58-6f7e-48d6-8676-a1d92fd535ad,好招财好进宝,楠哥,2021-09-06_22:47:06
457,5338450c-fefb-4c07-8097-338896189789,阿达西八,欢迎南哥,2021-09-06_22:47:06
458,75d77428-fe96-4316-a193-5e23bc74e863,随风所至啊,欢迎南哥,2021-09-06_22:47:06
459,ca9eb10c-c806-492d-9895-c15f587bcafb,求老仙奶雨檬每天饿着,南哥来了,2021-09-06_22:47:08
460,d68baa92-bd71-4717-923d-66ec76d97073,心中有佛964,搞起,2021-09-06_22:47:11
461,95382e58-f9af-475d-9111-dc2140064119,王雨檬的Selena,感谢 草莓啵啵布丁 的30个烟花券,2021-09-06_22:47:13
462,6b919c99-6786-44a8-bad5-5ef068460a22,秋风882062,我在#超管来了#中的成绩是394米，点击弹幕立即挑战〉〉,2021-09-06_22:47:13
463,b2fa10ac-531f-4457-9da1-66d84669cec9,爱7真是太好了,我在#超管来了#中的成绩是111米，点击弹幕立即挑战〉〉,2021-09-06_22:47:13
464,98948716-d090-4831-85f1-ea470a04b335,上海滩赌鬼,@阿达西八：欢迎南哥,2021-09-06_22:47:13
465,880d23a0-4f44-46c0-bbc8-47355234da28,悲催的季节ly,gff别射了,2021-09-06_22:47:16
466,5d7abefb-4bed-48e9-8933-9e18c776bd0b,说说减肥而已,欢迎南哥,2021-09-06_22:47:18
467,6fde8d6e-c629-4a77-9055-bf03900f07cc,helloangeloo,女神你好,2021-09-06_22:47:18
468,07ee0fae-7bcd-470e-a5bc-f79b92fe3155,王雨檬的Selena,感谢 健康和努力 的150个烟花券,2021-09-06_22:47:26
469,57407e1b-3b0c-44a8-8c32-e390fde05df0,爱7真是太好了,我在#超管来了#中的成绩是142米，点击弹幕立即挑战〉〉,2021-09-06_22:47:27
470,b04bbc31-b95d-4d2e-8cdd-0541336a882b,祖新乐,老板大大大气,2021-09-06_22:47:28
471,3f7bbef3-440e-4878-a2f0-60cac7fa5abb,秋风882062,我在#超管来了#中的成绩是460米，点击弹幕立即挑战〉〉,2021-09-06_22:47:28
472,73fe12d5-866e-40d5-b43c-2ad31a67be96,郝先生的白十四,为主播点了个赞,2021-09-06_22:47:30
473,78fbe513-c5ad-4773-849f-9b86a718bbb0,也曾期待却不是我z,有条件哪里会随机,2021-09-06_22:47:31
474,ada5600c-c2ad-48af-9029-d9040e88a9a6,爱7真是太好了,我在#超管来了#中的成绩是142米，点击弹幕立即挑战〉〉,2021-09-06_22:47:33
475,530650f8-6a19-4fbf-8d7b-8e3fc8c01f2e,王雨檬的小当风,她家没人,2021-09-06_22:47:34
476,de0d5b93-af47-4c12-8795-065894406b62,台湾县村民,机智,2021-09-06_22:47:34
477,7121998d-e711-43db-a4ab-203718bcdf38,镆铘之絆,老板大大大气,2021-09-06_22:47:35
478,dc47ca6c-832e-4c01-af5a-87e259724a25,秋秋软糖777,我在#超管来了#中的成绩是123米，点击弹幕立即挑战〉〉,2021-09-06_22:47:38
479,034117ee-42c2-4cbe-84ad-082cae22e7bb,在下马花腾,跳舞跳舞,2021-09-06_22:47:43
480,e3c8cba7-0dbf-49a2-82c9-e188f5995b63,可乐073317,排面粉今天能高潮吗檬,2021-09-06_22:47:43
481,7f788f1f-1f26-4ead-9b6b-f3f3de02933d,鱼头呦呦咯,我来了 老婆,2021-09-06_22:47:49
482,94181654-7759-4145-9ff1-032fc9860f38,很喜欢小猫咪呀,0.0,2021-09-06_22:47:50
483,2bc42b0d-47af-4cb1-858f-637c301642b0,伯贤828,今天发型很淑女,2021-09-06_22:47:51
484,282213b2-4d45-4c18-a677-28f9ba99ad12,Eleven追夢,打草莓,2021-09-06_22:47:58
485,c5d36d0f-322b-4f7b-888f-e6032017ecbd,篱菊逢秋,他走了,2021-09-06_22:48:02
486,8cdda548-f7c0-45d7-8b1c-d57285502abc,半夜挖坟玩,为主播点了个赞,2021-09-06_22:48:09
487,4ea8edb5-19ed-46cb-b0aa-9a6f6d4afe87,王雨檬的Selena,感谢 amazing哦 的盛典办卡,2021-09-06_22:48:10
488,b55b80da-be17-4401-a14c-21d7066b0c50,摩尔曼斯克wait,哇，姐姐今天造型好仙啊啊啊啊啊啊,2021-09-06_22:48:11
489,0d75041e-a2ea-476c-a704-ef2814e9eb1f,白白是姐姐呐,为主播点了个赞,2021-09-06_22:48:11
490,e8016418-da84-414f-b132-536b936ad0d2,LSPLionkk,走了,2021-09-06_22:48:13
491,1b06e21d-2bfd-4baa-b304-120c711c24aa,用户716944091,为主播点了个赞,2021-09-06_22:48:13
492,7da3a85f-d1d4-4a4b-a64d-a86bfe919daf,只是丨梦一场,嘿嘿，王指导好,2021-09-06_22:48:15
493,e3eba9d3-f644-4e27-b6b8-09f3b6ff7d4a,s888551,没事叫回来,2021-09-06_22:48:20
494,c36615bf-b47a-4bd5-9b9f-2bcb8b0818b3,怎么名字这么难起我擦,整活了，王指导,2021-09-06_22:48:23
495,e136730d-85d0-4a34-b1fc-bd62eee3c44e,小宝贝u酱,今天好看,2021-09-06_22:48:24
496,9fccff25-ce20-4292-95ea-e2d9cc22c928,王雨檬的Selena,感谢 只是丨梦一场 的口哨,2021-09-06_22:48:28
497,3e145ee3-747e-4381-b07c-b8e65e0c29e8,王雨檬的Selena,感谢 爱看嗨丝 的星空卡,2021-09-06_22:48:33
498,19cdb824-2667-4dea-8b8b-23c545a51da8,注定红颜乱了浮生,啊南在天上飘,2021-09-06_22:48:33
499,c0871f36-b473-4128-b384-4548b5d014c7,shmily清新,杰尼斯在吗 给我一个一分钟套餐,2021-09-06_22:48:35
500,a4e74a0b-7d79-4173-9a09-9bc44accdbf0,手扶拖拉给,美女你好,2021-09-06_22:48:37
